name;link;size;image_url;thumbnail_url;marquee_url
1942 (JP).mx2;https://archive.org/download/CentralArquivista-MSX2/1942 (JP).mx2;;;;
A Ressha de Ikou MSX (JP).mx2;https://archive.org/download/CentralArquivista-MSX2/A Ressha de Ikou MSX (JP).mx2;128.00 KB;;;
AcroJet (JP).mx2;https://archive.org/download/CentralArquivista-MSX2/AcroJet (JP).mx2;;;;
Akumajo Dracula (JP) (Wii U Virtual Console).mx2;https://archive.org/download/CentralArquivista-MSX2/Akumajo Dracula (JP) (Wii U Virtual Console).mx2;128.00 KB;;;
Aleste (JP).mx2;https://archive.org/download/CentralArquivista-MSX2/Aleste (JP).mx2;;https://db.hfsplay.fr/files/2020/01/22/tumblr_oriz9g9taR1row371o1_1280_HJFHTTA.jpg;https://db.hfsplay.fr/files/2020/01/22/tumblr_oriz9g9taR1row371o1_1280_HJFHTTA.jpg;https://db.hfsplay.fr/files/2020/01/22/tumblr_oriz9g9taR1row371o1_1280_HJFHTTA.jpg
Alges no Yoku (JP).mx2;https://archive.org/download/CentralArquivista-MSX2/Alges no Yoku (JP).mx2;256.00 KB;;;
American Soccer (JP).mx2;https://archive.org/download/CentralArquivista-MSX2/American Soccer (JP).mx2;;;;
Aoki Ookami to Shiroki Mejika - Genchou Hishi (JP).mx2;https://archive.org/download/CentralArquivista-MSX2/Aoki Ookami to Shiroki Mejika - Genchou Hishi (JP).mx2;;https://db.hfsplay.fr/files/2019/09/15/1e3d221d-7bba-45c5-82b8-46604c0bab56_fYs1WWI.png;;
Aoki Ookami to Shiroki Mejika - Genghis Khan (JP).mx2;https://archive.org/download/CentralArquivista-MSX2/Aoki Ookami to Shiroki Mejika - Genghis Khan (JP).mx2;;https://db.hfsplay.fr/files/2019/09/15/1e3d221d-7bba-45c5-82b8-46604c0bab56_fYs1WWI.png;;
Arctic - Active Rail Playing (JP) (Alt).mx2;https://archive.org/download/CentralArquivista-MSX2/Arctic - Active Rail Playing (JP) (Alt).mx2;128.00 KB;;;
Arctic - Active Rail Playing (JP).mx2;https://archive.org/download/CentralArquivista-MSX2/Arctic - Active Rail Playing (JP).mx2;128.00 KB;;;
Arkanoid 2 - Revenge of Doh (JP).mx2;https://archive.org/download/CentralArquivista-MSX2/Arkanoid 2 - Revenge of Doh (JP).mx2;128.00 KB;;;
AshGuine - Densetsu no Seisenshi (JP).mx2;https://archive.org/download/CentralArquivista-MSX2/AshGuine - Densetsu no Seisenshi (JP).mx2;;;;
AshGuine Story 2 - Kokuu no Gajou (JP).mx2;https://archive.org/download/CentralArquivista-MSX2/AshGuine Story 2 - Kokuu no Gajou (JP).mx2;256.00 KB;;;
AshGuine Story 3 - Fukushuu no Honoo (JP).mx2;https://archive.org/download/CentralArquivista-MSX2/AshGuine Story 3 - Fukushuu no Honoo (JP).mx2;256.00 KB;;;
Bubble Bobble (JP) (Alt).mx2;https://archive.org/download/CentralArquivista-MSX2/Bubble Bobble (JP) (Alt).mx2;;https://db.hfsplay.fr/files/2019/06/24/Parasol_Stars_-_The_Story_of_Bubble_Bobble_III_USA_APCJDqK.png;https://db.hfsplay.fr/files/2018/10/06/f4c2dfc6-57c0-480f-8345-c4edb6a54816.png;
Bubble Bobble (JP).mx2;https://archive.org/download/CentralArquivista-MSX2/Bubble Bobble (JP).mx2;;https://db.hfsplay.fr/files/2019/06/24/Parasol_Stars_-_The_Story_of_Bubble_Bobble_III_USA_APCJDqK.png;https://db.hfsplay.fr/files/2018/10/06/f4c2dfc6-57c0-480f-8345-c4edb6a54816.png;
Contra (JP) (Wii U Virtual Console).mx2;https://archive.org/download/CentralArquivista-MSX2/Contra (JP) (Wii U Virtual Console).mx2;;;;
Crimson (JP).mx2;https://archive.org/download/CentralArquivista-MSX2/Crimson (JP).mx2;;;;
Daikoukai Jidai (JP).mx2;https://archive.org/download/CentralArquivista-MSX2/Daikoukai Jidai (JP).mx2;;https://db.hfsplay.fr/files/2019/11/29/SLPM-86203-F-ALL_XMBdBBx.jpg;;
Daisenryaku (JP).mx2;https://archive.org/download/CentralArquivista-MSX2/Daisenryaku (JP).mx2;;;;
Darwin 4078 (JP) (Alt).mx2;https://archive.org/download/CentralArquivista-MSX2/Darwin 4078 (JP) (Alt).mx2;;https://db.hfsplay.fr/files/2019/06/14/a32f6022-a918-4151-9a30-257668b05c94.png;;https://db.hfsplay.fr/files/2019/06/14/60393ed6-2685-471d-bf7c-6556a9ed3fbe.png
Darwin 4078 (JP) (Alt-2).mx2;https://archive.org/download/CentralArquivista-MSX2/Darwin 4078 (JP) (Alt-2).mx2;;https://db.hfsplay.fr/files/2019/06/14/a32f6022-a918-4151-9a30-257668b05c94.png;;https://db.hfsplay.fr/files/2019/06/14/60393ed6-2685-471d-bf7c-6556a9ed3fbe.png
Darwin 4078 (JP).mx2;https://archive.org/download/CentralArquivista-MSX2/Darwin 4078 (JP).mx2;;https://db.hfsplay.fr/files/2019/06/14/a32f6022-a918-4151-9a30-257668b05c94.png;;https://db.hfsplay.fr/files/2019/06/14/60393ed6-2685-471d-bf7c-6556a9ed3fbe.png
Deep Forest (JP) (Alt).mx2;https://archive.org/download/CentralArquivista-MSX2/Deep Forest (JP) (Alt).mx2;;https://db.hfsplay.fr/files/2019/09/30/c68439fa-8070-4ec3-896a-1133412db6cd_sH4QTaT.jpg;;
Deep Forest (JP).mx2;https://archive.org/download/CentralArquivista-MSX2/Deep Forest (JP).mx2;;https://db.hfsplay.fr/files/2019/09/30/c68439fa-8070-4ec3-896a-1133412db6cd_sH4QTaT.jpg;;
Dires - Giger Loop (JP).mx2;https://archive.org/download/CentralArquivista-MSX2/Dires - Giger Loop (JP).mx2;;;;
Double Vision (JP).mx2;https://archive.org/download/CentralArquivista-MSX2/Double Vision (JP).mx2;256.00 KB;;;
Dragon Buster (JP).mx2;https://archive.org/download/CentralArquivista-MSX2/Dragon Buster (JP).mx2;;https://db.hfsplay.fr/files/2019/06/14/dcca299f-ac85-49de-b443-b22e31b52da5.png;;
Dragon Quest (JP).mx2;https://archive.org/download/CentralArquivista-MSX2/Dragon Quest (JP).mx2;;https://db.hfsplay.fr/files/2019/06/24/Dragon_Quest_I__II_Japan_02IUrDU.png;https://db.hfsplay.fr/files/2018/10/06/0a3301d3-9842-4b94-bba9-e7714dd52ad6.png;
Dragon Quest 2 (JP) (Alt).mx2;https://archive.org/download/CentralArquivista-MSX2/Dragon Quest 2 (JP) (Alt).mx2;256.00 KB;;;
Dragon Quest 2 (JP).mx2;https://archive.org/download/CentralArquivista-MSX2/Dragon Quest 2 (JP).mx2;256.00 KB;;;
Dragon Slayer 4 - Drasle Family (JP) (Alt).mx2;https://archive.org/download/CentralArquivista-MSX2/Dragon Slayer 4 - Drasle Family (JP) (Alt).mx2;256.00 KB;;;
Dragon Slayer 4 - Drasle Family (JP).mx2;https://archive.org/download/CentralArquivista-MSX2/Dragon Slayer 4 - Drasle Family (JP).mx2;256.00 KB;;;
Dragon Slayer Jr. - Romancia (JP).mx2;https://archive.org/download/CentralArquivista-MSX2/Dragon Slayer Jr. - Romancia (JP).mx2;128.00 KB;;;
Druid (JP) (Alt).mx2;https://archive.org/download/CentralArquivista-MSX2/Druid (JP) (Alt).mx2;;;;
Druid (JP).mx2;https://archive.org/download/CentralArquivista-MSX2/Druid (JP).mx2;;;;
Dynamite Bowl (JP) (Alt).mx2;https://archive.org/download/CentralArquivista-MSX2/Dynamite Bowl (JP) (Alt).mx2;;https://db.hfsplay.fr/files/2019/08/30/Dynamite_Bowl_Japan_MratZll.jpg;;
Dynamite Bowl (JP).mx2;https://archive.org/download/CentralArquivista-MSX2/Dynamite Bowl (JP).mx2;;https://db.hfsplay.fr/files/2019/08/30/Dynamite_Bowl_Japan_MratZll.jpg;;
Elthlead (JP).mx2;https://archive.org/download/CentralArquivista-MSX2/Elthlead (JP).mx2;;;;
Europe Sensen (JP).mx2;https://archive.org/download/CentralArquivista-MSX2/Europe Sensen (JP).mx2;1.00 MiB;;;
F-15 Strike Eagle (JP).mx2;https://archive.org/download/CentralArquivista-MSX2/F-15 Strike Eagle (JP).mx2;;https://db.hfsplay.fr/files/2019/08/06/F-15_Strike_Eagle_France_EnFrNl_9hkCmmz.png;https://db.hfsplay.fr/files/2018/10/06/02bf0609-0554-4e47-a3b3-4a78d12baea3.png;
Famicle Parodic (JP).mx2;https://archive.org/download/CentralArquivista-MSX2/Famicle Parodic (JP).mx2;;;;
Family Billiards (JP).mx2;https://archive.org/download/CentralArquivista-MSX2/Family Billiards (JP).mx2;;;;
Family Boxing - MSX Title Match (JP).mx2;https://archive.org/download/CentralArquivista-MSX2/Family Boxing - MSX Title Match (JP).mx2;;;;
Fantasy Zone 2 - The Tears of Opa-Opa (JP) (Alt).mx2;https://archive.org/download/CentralArquivista-MSX2/Fantasy Zone 2 - The Tears of Opa-Opa (JP) (Alt).mx2;256.00 KB;;;
Fantasy Zone 2 - The Tears of Opa-Opa (JP).mx2;https://archive.org/download/CentralArquivista-MSX2/Fantasy Zone 2 - The Tears of Opa-Opa (JP).mx2;256.00 KB;;;
Final Mystery Murder Club - Satsujin Club (JP).mx2;https://archive.org/download/CentralArquivista-MSX2/Final Mystery Murder Club - Satsujin Club (JP).mx2;512.00 KB;;;
Fire Ball (JP).mx2;https://archive.org/download/CentralArquivista-MSX2/Fire Ball (JP).mx2;;;;
Fleet Commander 2 - Koukon no Kaiiki (JP).mx2;https://archive.org/download/CentralArquivista-MSX2/Fleet Commander 2 - Koukon no Kaiiki (JP).mx2;256.00 KB;;;
Gakuen Monogatari - High School Story (JP).mx2;https://archive.org/download/CentralArquivista-MSX2/Gakuen Monogatari - High School Story (JP).mx2;256.00 KB;;;
Gambler Jiko Chuushinha 2 - Jishou! Kyougou Janshi Hen (JP).mx2;https://archive.org/download/CentralArquivista-MSX2/Gambler Jiko Chuushinha 2 - Jishou! Kyougou Janshi Hen (JP).mx2;;https://db.hfsplay.fr/files/2019/07/05/Gambler_Jiko_Chuushinha_xulf3Do.png;https://db.hfsplay.fr/files/2018/10/06/379f52bb-103d-407c-b00a-6312034dcc55.png;
Ganbare Goemon! - Karakuri Douchuu (JP) (Wii U Virtual Console).mx2;https://archive.org/download/CentralArquivista-MSX2/Ganbare Goemon! - Karakuri Douchuu (JP) (Wii U Virtual Console).mx2;;;;
Garakuta (JP).mx2;https://archive.org/download/CentralArquivista-MSX2/Garakuta (JP).mx2;64.00 KB;;;
Garyuu Ou (JP) (Alt).mx2;https://archive.org/download/CentralArquivista-MSX2/Garyuu Ou (JP) (Alt).mx2;256.00 KB;;;
Garyuu Ou (JP).mx2;https://archive.org/download/CentralArquivista-MSX2/Garyuu Ou (JP).mx2;256.00 KB;;;
Gekitotsu Pennant Race 2 (JP) (English Menu).mx2;https://archive.org/download/CentralArquivista-MSX2/Gekitotsu Pennant Race 2 (JP) (English Menu).mx2;;;;
Gekitotsu Pennant Race 2 (JP).mx2;https://archive.org/download/CentralArquivista-MSX2/Gekitotsu Pennant Race 2 (JP).mx2;;;;
Girly Block (JP).mx2;https://archive.org/download/CentralArquivista-MSX2/Girly Block (JP).mx2;;;;
Hacker (JP).mx2;https://archive.org/download/CentralArquivista-MSX2/Hacker (JP).mx2;;;;
Hai no Majutsushi (JP).mx2;https://archive.org/download/CentralArquivista-MSX2/Hai no Majutsushi (JP).mx2;;;;
Hal Note (JP).mx2;https://archive.org/download/CentralArquivista-MSX2/Hal Note (JP).mx2;1.00 MiB;;;
Han Seimei Senki Andorogynus (JP) (Alt).mx2;https://archive.org/download/CentralArquivista-MSX2/Han Seimei Senki Andorogynus (JP) (Alt).mx2;256.00 KB;;;
Han Seimei Senki Andorogynus (JP).mx2;https://archive.org/download/CentralArquivista-MSX2/Han Seimei Senki Andorogynus (JP).mx2;256.00 KB;;;
Hard Ball (JP).mx2;https://archive.org/download/CentralArquivista-MSX2/Hard Ball (JP).mx2;;https://db.hfsplay.fr/files/2019/06/26/HardBall_III_USA_ts07bcN.png;https://db.hfsplay.fr/files/2018/10/06/1c2b9e90-7b81-41c1-a373-1fec4b2de1a5.png;
Heroes of the Lance (JP).mx2;https://archive.org/download/CentralArquivista-MSX2/Heroes of the Lance (JP).mx2;512.00 KB;;;
Higemaru Makai Shima - Nanatsu no Shima Daibouken (JP).mx2;https://archive.org/download/CentralArquivista-MSX2/Higemaru Makai Shima - Nanatsu no Shima Daibouken (JP).mx2;;https://db.hfsplay.fr/files/2019/08/06/Makai_Island_USA_Proto_UuYRSDX.png;https://db.hfsplay.fr/files/2018/10/06/548d2d89-a462-47c0-bffe-463ba0a80a57.png;
High School! Kimengumi (JP).mx2;https://archive.org/download/CentralArquivista-MSX2/High School! Kimengumi (JP).mx2;;;;
Hinotori - Houou Hen (JP) (Alt).mx2;https://archive.org/download/CentralArquivista-MSX2/Hinotori - Houou Hen (JP) (Alt).mx2;128.00 KB;;;
Hinotori - Houou Hen (JP) (Alt-2).mx2;https://archive.org/download/CentralArquivista-MSX2/Hinotori - Houou Hen (JP) (Alt-2).mx2;128.00 KB;;;
Hinotori - Houou Hen (JP).mx2;https://archive.org/download/CentralArquivista-MSX2/Hinotori - Houou Hen (JP).mx2;128.00 KB;;;
Hole in One Special (JP) (Alt).mx2;https://archive.org/download/CentralArquivista-MSX2/Hole in One Special (JP) (Alt).mx2;;https://db.hfsplay.fr/files/2019/06/26/HALs_Hole_in_One_Golf_Europe_mYTNByQ.png;https://db.hfsplay.fr/files/2018/10/06/6c4d39f2-526f-4f72-88a9-635fdb0f7092.png;
Hole in One Special (JP).mx2;https://archive.org/download/CentralArquivista-MSX2/Hole in One Special (JP).mx2;;https://db.hfsplay.fr/files/2019/06/26/HALs_Hole_in_One_Golf_Europe_mYTNByQ.png;https://db.hfsplay.fr/files/2018/10/06/6c4d39f2-526f-4f72-88a9-635fdb0f7092.png;
Hydlide 3 - The Space Memories (JP).mx2;https://archive.org/download/CentralArquivista-MSX2/Hydlide 3 - The Space Memories (JP).mx2;;https://db.hfsplay.fr/files/2019/08/30/Hydlide_3_-_The_Space_Memories_Japan_4NQJIwf.jpg;;
Ide Yousuke Meijin no Jissen Mahjong (JP).mx2;https://archive.org/download/CentralArquivista-MSX2/Ide Yousuke Meijin no Jissen Mahjong (JP).mx2;;;;
Ikari (JP) (Alt).mx2;https://archive.org/download/CentralArquivista-MSX2/Ikari (JP) (Alt).mx2;;;;
Ikari (JP).mx2;https://archive.org/download/CentralArquivista-MSX2/Ikari (JP).mx2;;;;
Inemuriryuu Asada Tetsuya no A-kyuu Mahjong (JP).mx2;https://archive.org/download/CentralArquivista-MSX2/Inemuriryuu Asada Tetsuya no A-kyuu Mahjong (JP).mx2;128.00 KB;;;
Inindou - Datou Nobunaga (JP).mx2;https://archive.org/download/CentralArquivista-MSX2/Inindou - Datou Nobunaga (JP).mx2;;;;
Ishin no Arashi (JP).mx2;https://archive.org/download/CentralArquivista-MSX2/Ishin no Arashi (JP).mx2;;https://db.hfsplay.fr/files/2019/09/20/Ishin_No_Arashi_Kz1bqcK.png;;
Jansei (JP) (Alt).mx2;https://archive.org/download/CentralArquivista-MSX2/Jansei (JP) (Alt).mx2;;;;
Jansei (JP).mx2;https://archive.org/download/CentralArquivista-MSX2/Jansei (JP).mx2;;;;
Kempelen Chess (JP).mx2;https://archive.org/download/CentralArquivista-MSX2/Kempelen Chess (JP).mx2;;;;
Kiki Kaikai (JP).mx2;https://archive.org/download/CentralArquivista-MSX2/Kiki Kaikai (JP).mx2;;https://db.hfsplay.fr/files/2019/07/29/Kiki_Kaikai_Japan_DSaV6Hs.png;https://db.hfsplay.fr/files/2018/10/06/e717fafc-09cb-4025-8b5f-d5569a2780f6.png;
King Kong 2 - Yomigaeru Densetsu (JP).mx2;https://archive.org/download/CentralArquivista-MSX2/King Kong 2 - Yomigaeru Densetsu (JP).mx2;;;;
Kisei (JP).mx2;https://archive.org/download/CentralArquivista-MSX2/Kisei (JP).mx2;;;;
Kitahei (JP).mx2;https://archive.org/download/CentralArquivista-MSX2/Kitahei (JP).mx2;;;;
Koronis Rift (EU).mx2;https://archive.org/download/CentralArquivista-MSX2/Koronis Rift (EU).mx2;;;;
L Empereur (JP).mx2;https://archive.org/download/CentralArquivista-MSX2/L Empereur (JP).mx2;;https://db.hfsplay.fr/files/2019/08/06/Empereur_L_USA_Rn8XNBH.png;https://db.hfsplay.fr/files/2018/10/06/8f50cbc4-0181-4e9d-ab41-af4e71c47391.png;
Labyrinth (JP) (Alt).mx2;https://archive.org/download/CentralArquivista-MSX2/Labyrinth (JP) (Alt).mx2;;;;
Labyrinth (JP).mx2;https://archive.org/download/CentralArquivista-MSX2/Labyrinth (JP).mx2;;;;
Lupin Sansei - Babylon no Ougon Densetsu (JP) (Alt).mx2;https://archive.org/download/CentralArquivista-MSX2/Lupin Sansei - Babylon no Ougon Densetsu (JP) (Alt).mx2;;https://db.hfsplay.fr/files/2019/06/22/Lupin_Sansei_-_Densetsu_no_Hihou_o_Oe_Japan_zc3qHcr.png;https://db.hfsplay.fr/files/2018/10/06/2c11815a-2f75-4fbd-9917-11a44c85c306.png;
Lupin Sansei - Babylon no Ougon Densetsu (JP).mx2;https://archive.org/download/CentralArquivista-MSX2/Lupin Sansei - Babylon no Ougon Densetsu (JP).mx2;;https://db.hfsplay.fr/files/2019/06/22/Lupin_Sansei_-_Densetsu_no_Hihou_o_Oe_Japan_zc3qHcr.png;https://db.hfsplay.fr/files/2018/10/06/2c11815a-2f75-4fbd-9917-11a44c85c306.png;
Lupin Sansei - Cagliostro no Shiro (JP) (Alt).mx2;https://archive.org/download/CentralArquivista-MSX2/Lupin Sansei - Cagliostro no Shiro (JP) (Alt).mx2;;https://db.hfsplay.fr/files/2019/06/22/Lupin_Sansei_-_Densetsu_no_Hihou_o_Oe_Japan_zc3qHcr.png;https://db.hfsplay.fr/files/2018/10/06/2c11815a-2f75-4fbd-9917-11a44c85c306.png;
Lupin Sansei - Cagliostro no Shiro (JP).mx2;https://archive.org/download/CentralArquivista-MSX2/Lupin Sansei - Cagliostro no Shiro (JP).mx2;;https://db.hfsplay.fr/files/2019/06/22/Lupin_Sansei_-_Densetsu_no_Hihou_o_Oe_Japan_zc3qHcr.png;https://db.hfsplay.fr/files/2018/10/06/2c11815a-2f75-4fbd-9917-11a44c85c306.png;
Mad Rider (JP) (Alt).mx2;https://archive.org/download/CentralArquivista-MSX2/Mad Rider (JP) (Alt).mx2;;https://db.hfsplay.fr/files/2019/09/28/8bcb8b1c-fa46-4576-8278-ef1faa8ce800_gyMz2fm.png;;
Mad Rider (JP).mx2;https://archive.org/download/CentralArquivista-MSX2/Mad Rider (JP).mx2;;https://db.hfsplay.fr/files/2019/09/28/8bcb8b1c-fa46-4576-8278-ef1faa8ce800_gyMz2fm.png;;
Maison Ikkoku - Kanketsu Hen - Sayonara, Soshite... (JP).mx2;https://archive.org/download/CentralArquivista-MSX2/Maison Ikkoku - Kanketsu Hen - Sayonara, Soshite... (JP).mx2;;https://db.hfsplay.fr/files/2019/07/29/Maison_Ikkoku_Japan_IApoxRs.png;https://db.hfsplay.fr/files/2018/10/06/88f946c0-b049-45e0-be54-0b3a64d0e2db.png;
Maison Ikkoku - Omoide no Photograph (JP).mx2;https://archive.org/download/CentralArquivista-MSX2/Maison Ikkoku - Omoide no Photograph (JP).mx2;256.00 KB;;;
Malaya no Hibou (JP).mx2;https://archive.org/download/CentralArquivista-MSX2/Malaya no Hibou (JP).mx2;128.00 KB;;;
Metal Gear (EU).mx2;https://archive.org/download/CentralArquivista-MSX2/Metal Gear (EU).mx2;;https://db.hfsplay.fr/files/2019/08/07/Metal_Gear_Europe_GSebeOk.png;https://db.hfsplay.fr/files/2018/10/06/174ae94c-def4-4446-a2a4-1fa73bd1112a.png;
Metal Gear (JP).mx2;https://archive.org/download/CentralArquivista-MSX2/Metal Gear (JP).mx2;;https://db.hfsplay.fr/files/2019/08/07/Metal_Gear_Europe_GSebeOk.png;https://db.hfsplay.fr/files/2018/10/06/174ae94c-def4-4446-a2a4-1fa73bd1112a.png;
Metal Gear 2 - Solid Snake (JP).mx2;https://archive.org/download/CentralArquivista-MSX2/Metal Gear 2 - Solid Snake (JP).mx2;;https://db.hfsplay.fr/files/2020/06/30/60564_med_kaqkcLJ.jpg;https://db.hfsplay.fr/files/2020/06/30/60564_med_kaqkcLJ.jpg;https://db.hfsplay.fr/files/2020/06/30/60564_med_kaqkcLJ.jpg
Mirai (JP).mx2;https://archive.org/download/CentralArquivista-MSX2/Mirai (JP).mx2;;;;
Mississippi Satsujinjiken (JP).mx2;https://archive.org/download/CentralArquivista-MSX2/Mississippi Satsujinjiken (JP).mx2;128.00 KB;;;
Moero!! Nettou Yakyuu 88 (JP).mx2;https://archive.org/download/CentralArquivista-MSX2/Moero!! Nettou Yakyuu 88 (JP).mx2;;;;
Monmon Kaibutsu (JP).mx2;https://archive.org/download/CentralArquivista-MSX2/Monmon Kaibutsu (JP).mx2;128.00 KB;;;
Nekketsu Juudou (JP) (Alt).mx2;https://archive.org/download/CentralArquivista-MSX2/Nekketsu Juudou (JP) (Alt).mx2;;;;
Nekketsu Juudou (JP).mx2;https://archive.org/download/CentralArquivista-MSX2/Nekketsu Juudou (JP).mx2;;;;
Ninja-kun - Asura no Shou (JP).mx2;https://archive.org/download/CentralArquivista-MSX2/Ninja-kun - Asura no Shou (JP).mx2;;;;
Nobunaga no Yabou - Bushou Fuuun Roku (JP).mx2;https://archive.org/download/CentralArquivista-MSX2/Nobunaga no Yabou - Bushou Fuuun Roku (JP).mx2;;https://db.hfsplay.fr/files/2019/06/26/25a1427f-0816-4e84-80f1-4e1ca280acac_KlOkIea.jpg;https://db.hfsplay.fr/files/2018/10/06/551e8f69-6a50-4d51-b1a5-1130fc430b1b.png;
Nobunaga no Yabou - Sengoku Gunyuuden (JP).mx2;https://archive.org/download/CentralArquivista-MSX2/Nobunaga no Yabou - Sengoku Gunyuuden (JP).mx2;;https://db.hfsplay.fr/files/2019/06/26/25a1427f-0816-4e84-80f1-4e1ca280acac_KlOkIea.jpg;https://db.hfsplay.fr/files/2018/10/06/551e8f69-6a50-4d51-b1a5-1130fc430b1b.png;
Nobunaga no Yabou - Zenkoku Ban (JP).mx2;https://archive.org/download/CentralArquivista-MSX2/Nobunaga no Yabou - Zenkoku Ban (JP).mx2;512.00 KB;;;
Ogre (JP) (Alt).mx2;https://archive.org/download/CentralArquivista-MSX2/Ogre (JP) (Alt).mx2;;;;
Ogre (JP).mx2;https://archive.org/download/CentralArquivista-MSX2/Ogre (JP).mx2;;;;
Ouke no Tani - El Giza no Fuuin (JP).mx2;https://archive.org/download/CentralArquivista-MSX2/Ouke no Tani - El Giza no Fuuin (JP).mx2;;;;
Ouke no Tani - El Giza no Fuuin - Edit Contest Yuushuu Sakuhinshuu (JP).mx2;https://archive.org/download/CentralArquivista-MSX2/Ouke no Tani - El Giza no Fuuin - Edit Contest Yuushuu Sakuhinshuu (JP).mx2;128.00 KB;;;
Out Run (JP).mx2;https://archive.org/download/CentralArquivista-MSX2/Out Run (JP).mx2;256.00 KB;;;
Pac-Mania (JP).mx2;https://archive.org/download/CentralArquivista-MSX2/Pac-Mania (JP).mx2;;;;
Pachi Pro Densetsu (JP).mx2;https://archive.org/download/CentralArquivista-MSX2/Pachi Pro Densetsu (JP).mx2;128.00 KB;;;
Penguin-kun Wars 2 (JP) (Alt).mx2;https://archive.org/download/CentralArquivista-MSX2/Penguin-kun Wars 2 (JP) (Alt).mx2;;;;
Penguin-kun Wars 2 (JP).mx2;https://archive.org/download/CentralArquivista-MSX2/Penguin-kun Wars 2 (JP).mx2;;;;
Predator (JP).mx2;https://archive.org/download/CentralArquivista-MSX2/Predator (JP).mx2;;;;
Pro Yakyuu Family Stadium - Pennant Race (JP).mx2;https://archive.org/download/CentralArquivista-MSX2/Pro Yakyuu Family Stadium - Pennant Race (JP).mx2;;;;
Pro Yakyuu Fan - Telenet Stadium (JP).mx2;https://archive.org/download/CentralArquivista-MSX2/Pro Yakyuu Fan - Telenet Stadium (JP).mx2;;;;
Professional Mahjong Gokuu (JP).mx2;https://archive.org/download/CentralArquivista-MSX2/Professional Mahjong Gokuu (JP).mx2;;;;
Project A2 - Shijousaidai no Hyouteki (JP).mx2;https://archive.org/download/CentralArquivista-MSX2/Project A2 - Shijousaidai no Hyouteki (JP).mx2;;;;
Quarth (JP) (Wii U Virtual Console).mx2;https://archive.org/download/CentralArquivista-MSX2/Quarth (JP) (Wii U Virtual Console).mx2;;;;
Quarth (KR).mx2;https://archive.org/download/CentralArquivista-MSX2/Quarth (KR).mx2;;;;
Quinpl (JP).mx2;https://archive.org/download/CentralArquivista-MSX2/Quinpl (JP).mx2;;;;
Rastan Saga (JP).mx2;https://archive.org/download/CentralArquivista-MSX2/Rastan Saga (JP).mx2;;https://db.hfsplay.fr/files/2019/06/14/aa9d3921-a608-440d-a956-b1be87369aa6.png;;
Relics (JP).mx2;https://archive.org/download/CentralArquivista-MSX2/Relics (JP).mx2;;;;
Replicart (JP).mx2;https://archive.org/download/CentralArquivista-MSX2/Replicart (JP).mx2;;;;
Return of Jelda (JP).mx2;https://archive.org/download/CentralArquivista-MSX2/Return of Jelda (JP).mx2;;;;
Rick to Mick no Daibouken (JP).mx2;https://archive.org/download/CentralArquivista-MSX2/Rick to Mick no Daibouken (JP).mx2;;;;
Royal Blood (JP).mx2;https://archive.org/download/CentralArquivista-MSX2/Royal Blood (JP).mx2;;;;
RWBrunildaMSX2_v1_01.mx2;https://archive.org/download/CentralArquivista-MSX2/RWBrunildaMSX2_v1_01.mx2;1.22 MiB;;;
Sangokushi (JP).mx2;https://archive.org/download/CentralArquivista-MSX2/Sangokushi (JP).mx2;;;;
Sangokushi 2 (JP).mx2;https://archive.org/download/CentralArquivista-MSX2/Sangokushi 2 (JP).mx2;1.00 MiB;;;
Scramble Formation (JP).mx2;https://archive.org/download/CentralArquivista-MSX2/Scramble Formation (JP).mx2;;https://db.hfsplay.fr/files/2019/06/14/e5755160-86fa-4cd0-93a6-d9308c65e4de.png;https://db.hfsplay.fr/files/2018/10/06/4aef419a-7ee2-4457-8d62-0fa5be84b9d9.png;
Seikima 2 Special - Akuma no Gyakushuu (JP) (Alt).mx2;https://archive.org/download/CentralArquivista-MSX2/Seikima 2 Special - Akuma no Gyakushuu (JP) (Alt).mx2;128.00 KB;;;
Seikima 2 Special - Akuma no Gyakushuu (JP).mx2;https://archive.org/download/CentralArquivista-MSX2/Seikima 2 Special - Akuma no Gyakushuu (JP).mx2;128.00 KB;;;
Shanghai (JP).mx2;https://archive.org/download/CentralArquivista-MSX2/Shanghai (JP).mx2;;;;
Shiryou Sensen - War of the Dead (JP).mx2;https://archive.org/download/CentralArquivista-MSX2/Shiryou Sensen - War of the Dead (JP).mx2;;;;
Space Manbow (JP) (Wii U Virtual Console).mx2;https://archive.org/download/CentralArquivista-MSX2/Space Manbow (JP) (Wii U Virtual Console).mx2;;;;
Star Virgin (JP) (Alt).mx2;https://archive.org/download/CentralArquivista-MSX2/Star Virgin (JP) (Alt).mx2;;;;
Star Virgin (JP).mx2;https://archive.org/download/CentralArquivista-MSX2/Star Virgin (JP).mx2;;;;
Strategic Mars (JP).mx2;https://archive.org/download/CentralArquivista-MSX2/Strategic Mars (JP).mx2;;;;
Suikoden - Tenmei no Chikai (JP).mx2;https://archive.org/download/CentralArquivista-MSX2/Suikoden - Tenmei no Chikai (JP).mx2;;https://db.hfsplay.fr/files/2019/09/21/Suikoden_-_Tierkreis_xlo6X9K.png;;
Super Daisenryaku (JP).mx2;https://archive.org/download/CentralArquivista-MSX2/Super Daisenryaku (JP).mx2;;https://db.hfsplay.fr/files/2019/09/15/63ae9bb5-26a5-4cbb-b05c-53a3df43e723_KZN9u7p.jpg;;
Super Load Runner (JP).mx2;https://archive.org/download/CentralArquivista-MSX2/Super Load Runner (JP).mx2;128.00 KB;;;
Super Rambo Special (JP).mx2;https://archive.org/download/CentralArquivista-MSX2/Super Rambo Special (JP).mx2;;;;
Super Runner (JP).mx2;https://archive.org/download/CentralArquivista-MSX2/Super Runner (JP).mx2;;https://db.hfsplay.fr/files/2019/06/19/SuperGridRunner_v1.0_pBRkqLB.png;https://db.hfsplay.fr/files/2018/10/06/3a136c92-25eb-4f55-986a-bac421fec97f.png;
Super Tritorn (JP).mx2;https://archive.org/download/CentralArquivista-MSX2/Super Tritorn (JP).mx2;;;;
Taiyou no Shinden - Asteka 2 (JP).mx2;https://archive.org/download/CentralArquivista-MSX2/Taiyou no Shinden - Asteka 2 (JP).mx2;256.00 KB;;;
Tanikawa Hiroshi no Shougi Shinan 2 (JP).mx2;https://archive.org/download/CentralArquivista-MSX2/Tanikawa Hiroshi no Shougi Shinan 2 (JP).mx2;128.00 KB;;;
Teitoku no Ketsudan (JP).mx2;https://archive.org/download/CentralArquivista-MSX2/Teitoku no Ketsudan (JP).mx2;;https://db.hfsplay.fr/files/2019/10/12/P.T.O._IV_-_Pacific_Theater_of_Operations_USA_eiPzrW2.png;;
Tengoku Yoitoko (JP).mx2;https://archive.org/download/CentralArquivista-MSX2/Tengoku Yoitoko (JP).mx2;;;;
Tetris (JP).mx2;https://archive.org/download/CentralArquivista-MSX2/Tetris (JP).mx2;;;;
The Cockpit (JP).mx2;https://archive.org/download/CentralArquivista-MSX2/The Cockpit (JP).mx2;;https://db.hfsplay.fr/files/2020/04/16/f800e393-63c5-4da7-b2bf-6aea06abf8c1_vL5fHSQ.jpg;;
The Eidolon (EU).mx2;https://archive.org/download/CentralArquivista-MSX2/The Eidolon (EU).mx2;;https://db.hfsplay.fr/files/2019/09/28/The_Eidolon-01_LNVpOSc.png;;
The Gekitotsu Pennant Race - Pro Yakyuu (JP) (Alt).mx2;https://archive.org/download/CentralArquivista-MSX2/The Gekitotsu Pennant Race - Pro Yakyuu (JP) (Alt).mx2;;;;
The Gekitotsu Pennant Race - Pro Yakyuu (JP) (Alt-2).mx2;https://archive.org/download/CentralArquivista-MSX2/The Gekitotsu Pennant Race - Pro Yakyuu (JP) (Alt-2).mx2;;;;
The Gekitotsu Pennant Race - Pro Yakyuu (JP) (Alt-3).mx2;https://archive.org/download/CentralArquivista-MSX2/The Gekitotsu Pennant Race - Pro Yakyuu (JP) (Alt-3).mx2;;;;
The Gekitotsu Pennant Race - Pro Yakyuu (JP).mx2;https://archive.org/download/CentralArquivista-MSX2/The Gekitotsu Pennant Race - Pro Yakyuu (JP).mx2;;;;
The Return of Ishtar (JP).mx2;https://archive.org/download/CentralArquivista-MSX2/The Return of Ishtar (JP).mx2;;https://db.hfsplay.fr/files/2019/08/04/Batman_-_Return_of_the_Joker_Europe_5MauaAT.png;https://db.hfsplay.fr/files/2018/10/06/d5043e9b-4895-44e8-9edb-54812f3fce4e.png;
The Sword of Ianna (WR).mx2;https://archive.org/download/CentralArquivista-MSX2/The Sword of Ianna (WR).mx2;704.00 KB;;;
The Treasure of Usas (JP - EU) (En) (Alt).mx2;https://archive.org/download/CentralArquivista-MSX2/The Treasure of Usas (JP - EU) (En) (Alt).mx2;;https://db.hfsplay.fr/files/2019/06/24/Flintstones_The_-_The_Treasure_of_Sierra_Madrock_Europe_sP9TYvR.png;https://db.hfsplay.fr/files/2018/10/06/17f9027e-b8ea-431c-939a-3528c0edcd6c.png;
The Treasure of Usas (JP - EU) (En).mx2;https://archive.org/download/CentralArquivista-MSX2/The Treasure of Usas (JP - EU) (En).mx2;;https://db.hfsplay.fr/files/2019/06/24/Flintstones_The_-_The_Treasure_of_Sierra_Madrock_Europe_sP9TYvR.png;https://db.hfsplay.fr/files/2018/10/06/17f9027e-b8ea-431c-939a-3528c0edcd6c.png;
Topple Zip (JP).mx2;https://archive.org/download/CentralArquivista-MSX2/Topple Zip (JP).mx2;;https://db.hfsplay.fr/files/2019/08/30/Topple_Zip_Japan_jh60sKF.jpg;;
Treasure of the Usas (JP) (Wii U Virtual Console).mx2;https://archive.org/download/CentralArquivista-MSX2/Treasure of the Usas (JP) (Wii U Virtual Console).mx2;128.00 KB;;;
Tsurikichi Sanpei - Blue Marine Hen (JP).mx2;https://archive.org/download/CentralArquivista-MSX2/Tsurikichi Sanpei - Blue Marine Hen (JP).mx2;;;;
Tsurikichi Sanpei - Tsuri Sennin Hen (JP).mx2;https://archive.org/download/CentralArquivista-MSX2/Tsurikichi Sanpei - Tsuri Sennin Hen (JP).mx2;;;;
Ultima Exodus (JP).mx2;https://archive.org/download/CentralArquivista-MSX2/Ultima Exodus (JP).mx2;256.00 KB;;;
Urusei Yatsura - Koi no Survival Birthday (JP).mx2;https://archive.org/download/CentralArquivista-MSX2/Urusei Yatsura - Koi no Survival Birthday (JP).mx2;;https://db.hfsplay.fr/files/2019/09/15/99f7d205-3833-4cba-ae97-3f2bac0fc54e_4iCY4Ws.jpg;;
Vampire Killer (JP - EU) (En) (Alt).mx2;https://archive.org/download/CentralArquivista-MSX2/Vampire Killer (JP - EU) (En) (Alt).mx2;;https://db.hfsplay.fr/files/2023/10/05/Vampire-Killer-000_9PE9GRl.jpg;;
Vampire Killer (JP - EU) (En) (Alt-2).mx2;https://archive.org/download/CentralArquivista-MSX2/Vampire Killer (JP - EU) (En) (Alt-2).mx2;;https://db.hfsplay.fr/files/2023/10/05/Vampire-Killer-000_9PE9GRl.jpg;;
Vampire Killer (JP - EU) (En) (Alt-3).mx2;https://archive.org/download/CentralArquivista-MSX2/Vampire Killer (JP - EU) (En) (Alt-3).mx2;;https://db.hfsplay.fr/files/2023/10/05/Vampire-Killer-000_9PE9GRl.jpg;;
Vampire Killer (JP - EU) (En).mx2;https://archive.org/download/CentralArquivista-MSX2/Vampire Killer (JP - EU) (En).mx2;;https://db.hfsplay.fr/files/2023/10/05/Vampire-Killer-000_9PE9GRl.jpg;;
Victorious Nine 2 - Koukou Yakyuu Hen (JP).mx2;https://archive.org/download/CentralArquivista-MSX2/Victorious Nine 2 - Koukou Yakyuu Hen (JP).mx2;128.00 KB;;;
Wizardry (JP).mx2;https://archive.org/download/CentralArquivista-MSX2/Wizardry (JP).mx2;512.00 KB;;;
Woody Poco (JP) (Alt).mx2;https://archive.org/download/CentralArquivista-MSX2/Woody Poco (JP) (Alt).mx2;;;;
Woody Poco (JP).mx2;https://archive.org/download/CentralArquivista-MSX2/Woody Poco (JP).mx2;;;;
Xevious - Fardraut Saga (JP) (Alt).mx2;https://archive.org/download/CentralArquivista-MSX2/Xevious - Fardraut Saga (JP) (Alt).mx2;;https://db.hfsplay.fr/files/2019/08/18/Xevious_-_Fardraut_Densetsu_BHJksfp.png;https://db.hfsplay.fr/files/2018/10/06/4252b322-8c45-459d-bf5d-222d820078bc.png;
Xevious - Fardraut Saga (JP).mx2;https://archive.org/download/CentralArquivista-MSX2/Xevious - Fardraut Saga (JP).mx2;;https://db.hfsplay.fr/files/2019/08/18/Xevious_-_Fardraut_Densetsu_BHJksfp.png;https://db.hfsplay.fr/files/2018/10/06/4252b322-8c45-459d-bf5d-222d820078bc.png;
Yaksa (JP).mx2;https://archive.org/download/CentralArquivista-MSX2/Yaksa (JP).mx2;;;;
Yamamura Misa Suspense - Kyoto Ryuu no Tera Satsujinjiken (JP).mx2;https://archive.org/download/CentralArquivista-MSX2/Yamamura Misa Suspense - Kyoto Ryuu no Tera Satsujinjiken (JP).mx2;;https://db.hfsplay.fr/files/2019/09/13/7e789b15-8af6-4d99-8457-956e13549819_GDgERNI.jpg;;
Yuurei-kun (JP).mx2;https://archive.org/download/CentralArquivista-MSX2/Yuurei-kun (JP).mx2;;;;
Zanac Ex (JP) (Alt).mx2;https://archive.org/download/CentralArquivista-MSX2/Zanac Ex (JP) (Alt).mx2;;;;
Zanac Ex (JP).mx2;https://archive.org/download/CentralArquivista-MSX2/Zanac Ex (JP).mx2;;;;
Zoids - Chuuou Tairiku no Tatakai (JP).mx2;https://archive.org/download/CentralArquivista-MSX2/Zoids - Chuuou Tairiku no Tatakai (JP).mx2;;https://db.hfsplay.fr/files/2019/08/29/Zoids_-_Battle_Legends_USA_5zvdvCd.jpg;https://db.hfsplay.fr/files/2019/08/29/Zoids_-_Battle_Legends_USA_1_3dSjLTM.png;
Zombie Hunter (JP).mx2;https://archive.org/download/CentralArquivista-MSX2/Zombie Hunter (JP).mx2;;https://db.hfsplay.fr/files/2020/10/20/tumblr_nsqgh7HjS41snhn1io1_1280_SZFWP2K.jpg;https://db.hfsplay.fr/files/2020/10/20/tumblr_nsqgh7HjS41snhn1io1_1280_SZFWP2K.jpg;https://db.hfsplay.fr/files/2020/10/20/tumblr_nsqgh7HjS41snhn1io1_1280_SZFWP2K.jpg
Zukkoke Yajikita Onmitsu Douchuu (JP) (Alt).mx2;https://archive.org/download/CentralArquivista-MSX2/Zukkoke Yajikita Onmitsu Douchuu (JP) (Alt).mx2;;;;
Zukkoke Yajikita Onmitsu Douchuu (JP).mx2;https://archive.org/download/CentralArquivista-MSX2/Zukkoke Yajikita Onmitsu Douchuu (JP).mx2;;;;
